Gold label; Gold Positions; Gold liks; System Label; System Positions; Syste, links; System; URI Sent
European;215-223; https://en.wikipedia.org/wiki/Europe ;European countries;215-233; https://en.wikipedia.org/wiki/Europe; TAGME; http://www.voxeurop.eu/en/2017/donald-trump-and-europe-5120641_sentence1#25,259
The Times;116-125; https://en.wikipedia.org/wiki/The_Times ;Times;120-125; https://en.wikipedia.org/wiki/The_Times; TAGME; http://www.voxeurop.eu/en/2017/donald-trump-and-europe-5120641_sentence5#704,839
François Hollande;0-17; https://en.wikipedia.org/wiki/François_Hollande ;Hollande;9-17; https://en.wikipedia.org/wiki/François_Hollande; Babelfyr; http://www.voxeurop.eu/en/2017/donald-trump-and-europe-5120641_sentence11#1716,1802
François Hollande;0-17; https://en.wikipedia.org/wiki/François_Hollande ;Hollande;9-17; https://en.wikipedia.org/wiki/François_Hollande; Babelfys; http://www.voxeurop.eu/en/2017/donald-trump-and-europe-5120641_sentence11#1716,1802
2017;94-98; https://en.wikipedia.org/wiki/2017 ;June 2017;89-98; https://en.wikipedia.org/wiki/2017; Babelfyr; http://www.voxeurop.eu/en/2017/social-issues-5121271_sentence19#190,354
2016;159-163; https://en.wikipedia.org/wiki/2016 ;June 2016;154-163; https://en.wikipedia.org/wiki/2016; Babelfyr; http://www.voxeurop.eu/en/2017/social-issues-5121271_sentence19#190,354
The euro area;0-13; https://en.wikipedia.org/wiki/Eurozone ;euro area;4-13; https://en.wikipedia.org/wiki/Eurozone; Babelfyr; http://www.voxeurop.eu/en/2017/social-issues-5121271_sentence21#426,577
2017;71-75; https://en.wikipedia.org/wiki/2017 ;June 2017;66-75; https://en.wikipedia.org/wiki/2017; Babelfyr; http://www.voxeurop.eu/en/2017/social-issues-5121271_sentence21#426,577
2017;106-110; https://en.wikipedia.org/wiki/2017 ;May 2017;102-110; https://en.wikipedia.org/wiki/2017; Babelfyr; http://www.voxeurop.eu/en/2017/social-issues-5121271_sentence21#426,577
2016;146-150; https://en.wikipedia.org/wiki/2016 ;June 2016;141-150; https://en.wikipedia.org/wiki/2016; Babelfyr; http://www.voxeurop.eu/en/2017/social-issues-5121271_sentence21#426,577
The euro area;0-13; https://en.wikipedia.org/wiki/Eurozone ;euro area;4-13; https://en.wikipedia.org/wiki/Eurozone; Babelfys; http://www.voxeurop.eu/en/2017/social-issues-5121271_sentence21#426,577
The euro area;0-13; https://en.wikipedia.org/wiki/Eurozone ;euro area;4-13; https://en.wikipedia.org/wiki/Eurozone; DBps; http://www.voxeurop.eu/en/2017/social-issues-5121271_sentence21#426,577
The euro area;0-13; https://en.wikipedia.org/wiki/Eurozone ;euro area;4-13; https://en.wikipedia.org/wiki/Eurozone; TAGME; http://www.voxeurop.eu/en/2017/social-issues-5121271_sentence21#426,577
the euro area;36-49; https://en.wikipedia.org/wiki/Eurozone ;euro area;40-49; https://en.wikipedia.org/wiki/Eurozone; Babelfyr; http://www.voxeurop.eu/en/2017/social-issues-5121271_sentence22#578,648
the euro area;36-49; https://en.wikipedia.org/wiki/Eurozone ;euro area;40-49; https://en.wikipedia.org/wiki/Eurozone; Babelfys; http://www.voxeurop.eu/en/2017/social-issues-5121271_sentence22#578,648
the euro area;36-49; https://en.wikipedia.org/wiki/Eurozone ;euro area;40-49; https://en.wikipedia.org/wiki/Eurozone; DBps; http://www.voxeurop.eu/en/2017/social-issues-5121271_sentence22#578,648
the euro area;36-49; https://en.wikipedia.org/wiki/Eurozone ;euro area;40-49; https://en.wikipedia.org/wiki/Eurozone; TAGME; http://www.voxeurop.eu/en/2017/social-issues-5121271_sentence22#578,648
2017;131-135; https://en.wikipedia.org/wiki/2017 ;June 2017;126-135; https://en.wikipedia.org/wiki/2017; Babelfyr; http://www.voxeurop.eu/en/2017/social-issues-5121271_sentence23#649,785
the euro area;92-105; https://en.wikipedia.org/wiki/Eurozone ;euro area;96-105; https://en.wikipedia.org/wiki/Eurozone; Babelfyr; http://www.voxeurop.eu/en/2017/social-issues-5121271_sentence23#649,785
the euro area;92-105; https://en.wikipedia.org/wiki/Eurozone ;euro area;96-105; https://en.wikipedia.org/wiki/Eurozone; Babelfys; http://www.voxeurop.eu/en/2017/social-issues-5121271_sentence23#649,785
the euro area;92-105; https://en.wikipedia.org/wiki/Eurozone ;euro area;96-105; https://en.wikipedia.org/wiki/Eurozone; DBps; http://www.voxeurop.eu/en/2017/social-issues-5121271_sentence23#649,785
the euro area;92-105; https://en.wikipedia.org/wiki/Eurozone ;euro area;96-105; https://en.wikipedia.org/wiki/Eurozone; TAGME; http://www.voxeurop.eu/en/2017/social-issues-5121271_sentence23#649,785
2017;57-61; https://en.wikipedia.org/wiki/2017 ;June 2017;52-61; https://en.wikipedia.org/wiki/2017; Babelfyr; http://www.voxeurop.eu/en/2017/social-issues-5121271_sentence24#786,944
2017;71-75; https://en.wikipedia.org/wiki/2017 ;April 2017;65-75; https://en.wikipedia.org/wiki/2017; Babelfyr; http://www.voxeurop.eu/en/2017/social-issues-5121271_sentence25#945,1047
2016;170-174; https://en.wikipedia.org/wiki/2016 ;May 2016;166-174; https://en.wikipedia.org/wiki/2016; Babelfyr; http://www.voxeurop.eu/en/2017/social-issues-5121271_sentence26#1048,1251
2017;197-201; https://en.wikipedia.org/wiki/2017 ;May 2017;193-201; https://en.wikipedia.org/wiki/2017; Babelfyr; http://www.voxeurop.eu/en/2017/social-issues-5121271_sentence26#1048,1251
2017;113-117; https://en.wikipedia.org/wiki/2017 ;May 2017;109-117; https://en.wikipedia.org/wiki/2017; Babelfyr; http://www.voxeurop.eu/en/2017/social-issues-5121271_sentence28#1384,1541
2016;152-156; https://en.wikipedia.org/wiki/2016 ;June 2016;147-156; https://en.wikipedia.org/wiki/2016; Babelfyr; http://www.voxeurop.eu/en/2017/social-issues-5121271_sentence28#1384,1541
2017;25-29; https://en.wikipedia.org/wiki/2017 ;June 2017;20-29; https://en.wikipedia.org/wiki/2017; Babelfyr; http://www.voxeurop.eu/en/2017/social-issues-5121271_sentence28#1384,1541
François Hollande;74-91; https://en.wikipedia.org/wiki/François_Hollande ;Hollande;83-91; https://en.wikipedia.org/wiki/François_Hollande; Babelfyr; http://www.voxeurop.eu/en/content/cartoon/4894626-message-kiev_sentence31#160,312
Angela Merkel;56-69; https://en.wikipedia.org/wiki/Angela_Merkel ;Merkel;63-69; https://en.wikipedia.org/wiki/Angela_Merkel; Babelfyr; http://www.voxeurop.eu/en/content/cartoon/4894626-message-kiev_sentence31#160,312
François Hollande;74-91; https://en.wikipedia.org/wiki/François_Hollande ;Hollande;83-91; https://en.wikipedia.org/wiki/François_Hollande; Babelfys; http://www.voxeurop.eu/en/content/cartoon/4894626-message-kiev_sentence31#160,312
Angela Merkel;56-69; https://en.wikipedia.org/wiki/Angela_Merkel ;Merkel;63-69; https://en.wikipedia.org/wiki/Angela_Merkel; Babelfys; http://www.voxeurop.eu/en/content/cartoon/4894626-message-kiev_sentence31#160,312
Muammar Gaddafi;106-121; https://en.wikipedia.org/wiki/Muammar_Gaddafi ;Gaddafi;114-121; https://en.wikipedia.org/wiki/Muammar_Gaddafi; Babelfyr; http://www.voxeurop.eu/en/content/cartoon/4899427-claws-terror_sentence37#424,710
Muammar Gaddafi;106-121; https://en.wikipedia.org/wiki/Muammar_Gaddafi ;Gaddafi;114-121; https://en.wikipedia.org/wiki/Muammar_Gaddafi; Babelfys; http://www.voxeurop.eu/en/content/cartoon/4899427-claws-terror_sentence37#424,710
Alexis Tsipras;21-35; https://en.wikipedia.org/wiki/Alexis_Tsipras ;Tsipras;28-35; https://en.wikipedia.org/wiki/Alexis_Tsipras; Babelfyr; http://www.voxeurop.eu/en/content/cartoon/4916908-insert-coin_sentence38#0,82
Alexis Tsipras;21-35; https://en.wikipedia.org/wiki/Alexis_Tsipras ;Tsipras;28-35; https://en.wikipedia.org/wiki/Alexis_Tsipras; Babelfys; http://www.voxeurop.eu/en/content/cartoon/4916908-insert-coin_sentence38#0,82
aid;71-74; https://en.wikipedia.org/wiki/Aid ;financial aid;61-74; https://en.wikipedia.org/wiki/Aid; Babelfyr; http://www.voxeurop.eu/en/content/cartoon/4916908-insert-coin_sentence40#284,585
girl;73-77; https://en.wikipedia.org/wiki/Girl ;little girl;66-77; https://en.wikipedia.org/wiki/Girl; TAGME; http://www.voxeurop.eu/en/content/cartoon/4994860-old-europe_sentence45#268,392
president;49-58; https://en.wikipedia.org/wiki/President ;Council president;41-58; https://en.wikipedia.org/wiki/President; Babelfyr; http://www.voxeurop.eu/en/content/cartoon/5047038-comfortably-numb_sentence48#0,228
Gazeta Wyborcza;38-53; https://en.wikipedia.org/wiki/Gazeta_Wyborcza ;Wyborcza;45-53; https://en.wikipedia.org/wiki/Gazeta_Wyborcza; Babelfyr; http://www.voxeurop.eu/en/content/news-brief/431181-muzzled-voice-cuba_sentence53#23,159
Gazeta Wyborcza;38-53; https://en.wikipedia.org/wiki/Gazeta_Wyborcza ;Wyborcza;45-53; https://en.wikipedia.org/wiki/Gazeta_Wyborcza; Babelfys; http://www.voxeurop.eu/en/content/news-brief/431181-muzzled-voice-cuba_sentence53#23,159
the Cuban flag;30-44; https://en.wikipedia.org/wiki/Flag_of_Cuba ;Cuban flag;34-44; https://en.wikipedia.org/wiki/Flag_of_Cuba; Babelfyr; http://www.voxeurop.eu/en/content/news-brief/431181-muzzled-voice-cuba_sentence55#289,366
the Cuban flag;30-44; https://en.wikipedia.org/wiki/Flag_of_Cuba ;Cuban flag;34-44; https://en.wikipedia.org/wiki/Flag_of_Cuba; Babelfys; http://www.voxeurop.eu/en/content/news-brief/431181-muzzled-voice-cuba_sentence55#289,366
the Cuban flag;30-44; https://en.wikipedia.org/wiki/Flag_of_Cuba ;Cuban flag;34-44; https://en.wikipedia.org/wiki/Flag_of_Cuba; DBps; http://www.voxeurop.eu/en/content/news-brief/431181-muzzled-voice-cuba_sentence55#289,366
the Cuban flag;30-44; https://en.wikipedia.org/wiki/Flag_of_Cuba ;Cuban flag;34-44; https://en.wikipedia.org/wiki/Flag_of_Cuba; TAGME; http://www.voxeurop.eu/en/content/news-brief/431181-muzzled-voice-cuba_sentence55#289,366
Organizations;2-15; https://en.wikipedia.org/wiki/Organization ;“Organizations;1-15; https://en.wikipedia.org/wiki/Organization; FREMENER; http://www.voxeurop.eu/en/content/news-brief/4853915-silent-revolution-ttip_sentence58#35,196
Atlantic ocean;187-201; https://en.wikipedia.org/wiki/Atlantic_Ocean ;Atlantic;187-195; https://en.wikipedia.org/wiki/Atlantic_Ocean; Babelfyr; http://www.voxeurop.eu/en/content/news-brief/4853915-silent-revolution-ttip_sentence59#197,521
Partnership;39-50; https://en.wikipedia.org/wiki/Partnership ;Investment Partnership;28-50; https://en.wikipedia.org/wiki/Partnership; Babelfyr; http://www.voxeurop.eu/en/content/news-brief/4853915-silent-revolution-ttip_sentence59#197,521
Atlantic ocean;187-201; https://en.wikipedia.org/wiki/Atlantic_Ocean ;Atlantic;187-195; https://en.wikipedia.org/wiki/Atlantic_Ocean; Babelfys; http://www.voxeurop.eu/en/content/news-brief/4853915-silent-revolution-ttip_sentence59#197,521
Transatlantic Trade and Investment Partnership;4-50; https://en.wikipedia.org/wiki/Transatlantic_Trade_and_Investment_Partnership ;Transatlantic;4-17; https://en.wikipedia.org/wiki/Transatlantic_Trade_and_Investment_Partnership; DBps; http://www.voxeurop.eu/en/content/news-brief/4853915-silent-revolution-ttip_sentence59#197,521
Transatlantic Trade and Investment Partnership;4-50; https://en.wikipedia.org/wiki/Transatlantic_Trade_and_Investment_Partnership ;Transatlantic Trade;4-23; https://en.wikipedia.org/wiki/Transatlantic_Trade_and_Investment_Partnership; FREMENER; http://www.voxeurop.eu/en/content/news-brief/4853915-silent-revolution-ttip_sentence59#197,521
Atlantic ocean;187-201; https://en.wikipedia.org/wiki/Atlantic_Ocean ;Atlantic;187-195; https://en.wikipedia.org/wiki/Atlantic_Ocean; FREMENER; http://www.voxeurop.eu/en/content/news-brief/4853915-silent-revolution-ttip_sentence59#197,521
harmonise laws;151-165; https://en.wikipedia.org/wiki/Harmonisation_of_law ;harmonise;151-160; https://en.wikipedia.org/wiki/Harmonisation_of_law; TAGME; http://www.voxeurop.eu/en/content/news-brief/4853915-silent-revolution-ttip_sentence59#197,521
Gazeta Wyborcza;79-94; https://en.wikipedia.org/wiki/Gazeta_Wyborcza ;Wyborcza;86-94; https://en.wikipedia.org/wiki/Gazeta_Wyborcza; Babelfyr; http://www.voxeurop.eu/en/content/news-brief/4862831-what-s-ahead-donald-tusk_sentence62#30,216
Gazeta Wyborcza;79-94; https://en.wikipedia.org/wiki/Gazeta_Wyborcza ;Wyborcza;86-94; https://en.wikipedia.org/wiki/Gazeta_Wyborcza; Babelfys; http://www.voxeurop.eu/en/content/news-brief/4862831-what-s-ahead-donald-tusk_sentence62#30,216
term;112-116; https://en.wikipedia.org/wiki/Term_(time) ;long term;107-116; https://en.wikipedia.org/wiki/Term_(time); Babelfyr; http://www.voxeurop.eu/en/content/news-brief/4862831-what-s-ahead-donald-tusk_sentence65#451,588
term;112-116; https://en.wikipedia.org/wiki/Term_(time) ;long term;107-116; https://en.wikipedia.org/wiki/Term_(time); TAGME; http://www.voxeurop.eu/en/content/news-brief/4862831-what-s-ahead-donald-tusk_sentence65#451,588
austerity;167-176; https://en.wikipedia.org/wiki/Austerity ;austerity measures;167-185; https://en.wikipedia.org/wiki/Austerity; Babelfyr; http://www.voxeurop.eu/en/content/news-brief/4862831-what-s-ahead-donald-tusk_sentence68#808,1017
austerity;167-176; https://en.wikipedia.org/wiki/Austerity ;austerity measures;167-185; https://en.wikipedia.org/wiki/Austerity; TAGME; http://www.voxeurop.eu/en/content/news-brief/4862831-what-s-ahead-donald-tusk_sentence68#808,1017
Gazeta Wyborcza;3-18; https://en.wikipedia.org/wiki/Gazeta_Wyborcza ;Wyborcza;10-18; https://en.wikipedia.org/wiki/Gazeta_Wyborcza; Babelfyr; http://www.voxeurop.eu/en/content/news-brief/4862831-what-s-ahead-donald-tusk_sentence69#1018,1167
Van Rompuy;96-106; https://en.wikipedia.org/wiki/Herman_Van_Rompuy ;Rompuy;100-106; https://en.wikipedia.org/wiki/Herman_Van_Rompuy; Babelfyr; http://www.voxeurop.eu/en/content/news-brief/4862831-what-s-ahead-donald-tusk_sentence69#1018,1167
Gazeta Wyborcza;3-18; https://en.wikipedia.org/wiki/Gazeta_Wyborcza ;Wyborcza;10-18; https://en.wikipedia.org/wiki/Gazeta_Wyborcza; Babelfys; http://www.voxeurop.eu/en/content/news-brief/4862831-what-s-ahead-donald-tusk_sentence69#1018,1167
Van Rompuy;96-106; https://en.wikipedia.org/wiki/Herman_Van_Rompuy ;Rompuy;100-106; https://en.wikipedia.org/wiki/Herman_Van_Rompuy; Babelfys; http://www.voxeurop.eu/en/content/news-brief/4862831-what-s-ahead-donald-tusk_sentence69#1018,1167
Van Rompuy;96-106; https://en.wikipedia.org/wiki/Herman_Van_Rompuy ;Rompuy;100-106; https://en.wikipedia.org/wiki/Herman_Van_Rompuy; TAGME; http://www.voxeurop.eu/en/content/news-brief/4862831-what-s-ahead-donald-tusk_sentence69#1018,1167
Alexis Tsipras;34-48; https://en.wikipedia.org/wiki/Alexis_Tsipras ;Tsipras;41-48; https://en.wikipedia.org/wiki/Alexis_Tsipras; Babelfyr; http://www.voxeurop.eu/en/content/news-brief/4888809-tsipras-exposes-european-president-tusk_sentence75#58,223
De Standaard;152-164; https://en.wikipedia.org/wiki/De_Standaard ;Standaard;155-164; https://en.wikipedia.org/wiki/De_Standaard; Babelfyr; http://www.voxeurop.eu/en/content/news-brief/4888809-tsipras-exposes-european-president-tusk_sentence75#58,223
Alexis Tsipras;34-48; https://en.wikipedia.org/wiki/Alexis_Tsipras ;Tsipras;41-48; https://en.wikipedia.org/wiki/Alexis_Tsipras; Babelfys; http://www.voxeurop.eu/en/content/news-brief/4888809-tsipras-exposes-european-president-tusk_sentence75#58,223
De Standaard;152-164; https://en.wikipedia.org/wiki/De_Standaard ;Standaard;155-164; https://en.wikipedia.org/wiki/De_Standaard; Babelfys; http://www.voxeurop.eu/en/content/news-brief/4888809-tsipras-exposes-european-president-tusk_sentence75#58,223
months;90-96; https://en.wikipedia.org/wiki/Month ;months of the year;90-108; https://en.wikipedia.org/wiki/Month; Babelfyr; http://www.voxeurop.eu/en/content/news-brief/4982288-map-asylum-seekers-europe_sentence80#36,145
months;90-96; https://en.wikipedia.org/wiki/Month ;months of the year;90-108; https://en.wikipedia.org/wiki/Month; TAGME; http://www.voxeurop.eu/en/content/news-brief/4982288-map-asylum-seekers-europe_sentence80#36,145
Bosnia Herzegovina;44-62; https://en.wikipedia.org/wiki/Bosnia_and_Herzegovina ;Bosnia;44-50; https://en.wikipedia.org/wiki/Bosnia_and_Herzegovina; DBps; http://www.voxeurop.eu/en/content/news-brief/5012914-map-showing-european-jihadists-countries-origin_sentence90#413,592
Western European;6-22; https://en.wikipedia.org/wiki/Western_Europe ;Western European countries;6-32; https://en.wikipedia.org/wiki/Western_Europe; TAGME; http://www.voxeurop.eu/en/content/news-brief/5012914-map-showing-european-jihadists-countries-origin_sentence91#593,723
Geert Wilders;74-87; https://en.wikipedia.org/wiki/Geert_Wilders ;Wilders;80-87; https://en.wikipedia.org/wiki/Geert_Wilders; FREMENER; http://www.voxeurop.eu/en/content/cartoon/5114856-new-trend_sentence93#159,441
Isle of Wight;4-17; https://en.wikipedia.org/wiki/Isle_of_Wight ;Wight;12-17; https://en.wikipedia.org/wiki/Isle_of_Wight; Babelfyr; http://www.mpi-inf.mpg.de/yago-naga/aida/download/KORE50.tar.gz/AIDA.tsv_sentence18#1484,1613
Isle of Wight;4-17; https://en.wikipedia.org/wiki/Isle_of_Wight ;Wight;12-17; https://en.wikipedia.org/wiki/Isle_of_Wight; Babelfys; http://www.mpi-inf.mpg.de/yago-naga/aida/download/KORE50.tar.gz/AIDA.tsv_sentence18#1484,1613
Windows;81-88; https://en.wikipedia.org/wiki/Microsoft_Windows ;Windows operating system;81-105; https://en.wikipedia.org/wiki/Microsoft_Windows; Babelfyr; http://www.mpi-inf.mpg.de/yago-naga/aida/download/KORE50.tar.gz/AIDA.tsv_sentence21#1808,1914
home;27-31; https://en.wikipedia.org/wiki/Home_(sports) ;home matches;27-39; https://en.wikipedia.org/wiki/Home_(sports); Babelfyr; http://www.mpi-inf.mpg.de/yago-naga/aida/download/KORE50.tar.gz/AIDA.tsv_sentence31#2759,2815
The Times;12-21; https://en.wikipedia.org/wiki/The_Times ;Times;16-21; https://en.wikipedia.org/wiki/The_Times; TAGME; http://www.mpi-inf.mpg.de/yago-naga/aida/download/KORE50.tar.gz/AIDA.tsv_sentence41#3223,3299
The Sun;0-7; https://en.wikipedia.org/wiki/The_Sun_(United_Kingdom) ;Sun;4-7; https://en.wikipedia.org/wiki/The_Sun_(United_Kingdom); TAGME; http://www.mpi-inf.mpg.de/yago-naga/aida/download/KORE50.tar.gz/AIDA.tsv_sentence41#3223,3299
Moon;35-39; https://en.wikipedia.org/wiki/Moon ;the Moon;31-39; https://en.wikipedia.org/wiki/Moon; FREMENER; http://www.mpi-inf.mpg.de/yago-naga/aida/download/KORE50.tar.gz/AIDA.tsv_sentence45#3488,3528
Scud;139-143; https://en.wikipedia.org/wiki/Scud ;Scud missile;139-151; https://en.wikipedia.org/wiki/Scud; Babelfyr; http://ace2004/dataset/20000715_AFP_ARB.0072.eng_sentence5#1122,1274
Scud;139-143; https://en.wikipedia.org/wiki/Scud ;Scud missile;139-151; https://en.wikipedia.org/wiki/Scud; DBps; http://ace2004/dataset/20000715_AFP_ARB.0072.eng_sentence5#1122,1274
Scud;139-143; https://en.wikipedia.org/wiki/Scud ;Scud missile;139-151; https://en.wikipedia.org/wiki/Scud; TAGME; http://ace2004/dataset/20000715_AFP_ARB.0072.eng_sentence5#1122,1274
terrorist;134-143; https://en.wikipedia.org/wiki/Terrorism ;terrorist activities;134-154; https://en.wikipedia.org/wiki/Terrorism; Babelfyr; http://ace2004/dataset/20000715_AFP_ARB.0072.eng_sentence6#1275,1509
terrorist;134-143; https://en.wikipedia.org/wiki/Terrorism ;terrorist activities;134-154; https://en.wikipedia.org/wiki/Terrorism; TAGME; http://ace2004/dataset/20000715_AFP_ARB.0072.eng_sentence6#1275,1509
The Iranian army;0-16; https://en.wikipedia.org/wiki/Islamic_Republic_of_Iran_Army ;Iranian army;4-16; https://en.wikipedia.org/wiki/Islamic_Republic_of_Iran_Army; Babelfyr; http://ace2004/dataset/20000715_AFP_ARB.0072.eng_sentence10#2037,2162
The Iranian army;0-16; https://en.wikipedia.org/wiki/Islamic_Republic_of_Iran_Army ;Iranian army;4-16; https://en.wikipedia.org/wiki/Islamic_Republic_of_Iran_Army; Babelfys; http://ace2004/dataset/20000715_AFP_ARB.0072.eng_sentence10#2037,2162
The Iranian army;0-16; https://en.wikipedia.org/wiki/Islamic_Republic_of_Iran_Army ;Iranian army;4-16; https://en.wikipedia.org/wiki/Islamic_Republic_of_Iran_Army; FREMENER; http://ace2004/dataset/20000715_AFP_ARB.0072.eng_sentence10#2037,2162
The Iranian army;0-16; https://en.wikipedia.org/wiki/Islamic_Republic_of_Iran_Army ;Iranian army;4-16; https://en.wikipedia.org/wiki/Islamic_Republic_of_Iran_Army; TAGME; http://ace2004/dataset/20000715_AFP_ARB.0072.eng_sentence10#2037,2162
1998;8-12; https://en.wikipedia.org/wiki/1998 ;July 1998;3-12; https://en.wikipedia.org/wiki/1998; Babelfyr; http://ace2004/dataset/20000715_AFP_ARB.0072.eng_sentence12#2339,2398
peacekeeping;59-71; https://en.wikipedia.org/wiki/Peacekeeping ;peacekeeping force;59-77; https://en.wikipedia.org/wiki/Peacekeeping; Babelfyr; http://ace2004/dataset/20000815_AFP_ARB.0071.eng_sentence14#0,241
burial;80-86; https://en.wikipedia.org/wiki/Burial ;burial site;80-91; https://en.wikipedia.org/wiki/Burial; TAGME; http://ace2004/dataset/20000815_AFP_ARB.0071.eng_sentence19#1031,1175
Rabbi Ashi;86-96; https://en.wikipedia.org/wiki/Rav_Ashi ;Ashi;92-96; https://en.wikipedia.org/wiki/Rav_Ashi; Babelfyr; http://ace2004/dataset/20000815_AFP_ARB.0071.eng_sentence20#1176,1304
Rabbi Ashi;86-96; https://en.wikipedia.org/wiki/Rav_Ashi ;Ashi;92-96; https://en.wikipedia.org/wiki/Rav_Ashi; Babelfys; http://ace2004/dataset/20000815_AFP_ARB.0071.eng_sentence20#1176,1304
Rabbi Ashi;86-96; https://en.wikipedia.org/wiki/Rav_Ashi ;Ashi;92-96; https://en.wikipedia.org/wiki/Rav_Ashi; TAGME; http://ace2004/dataset/20000815_AFP_ARB.0071.eng_sentence20#1176,1304
The Israeli army;0-16; https://en.wikipedia.org/wiki/Israel_Defense_Forces ;Israeli army;4-16; https://en.wikipedia.org/wiki/Israel_Defense_Forces; Babelfyr; http://ace2004/dataset/20000815_AFP_ARB.0071.eng_sentence21#1305,1425
The Israeli army;0-16; https://en.wikipedia.org/wiki/Israel_Defense_Forces ;Israeli army;4-16; https://en.wikipedia.org/wiki/Israel_Defense_Forces; DBps; http://ace2004/dataset/20000815_AFP_ARB.0071.eng_sentence21#1305,1425
The Israeli army;0-16; https://en.wikipedia.org/wiki/Israel_Defense_Forces ;Israeli army;4-16; https://en.wikipedia.org/wiki/Israel_Defense_Forces; FREMENER; http://ace2004/dataset/20000815_AFP_ARB.0071.eng_sentence21#1305,1425
The Israeli army;0-16; https://en.wikipedia.org/wiki/Israel_Defense_Forces ;Israeli army;4-16; https://en.wikipedia.org/wiki/Israel_Defense_Forces; TAGME; http://ace2004/dataset/20000815_AFP_ARB.0071.eng_sentence21#1305,1425
Wadi Marjayoun;60-74; https://en.wikipedia.org/wiki/Marjayoun ;Marjayoun;65-74; https://en.wikipedia.org/wiki/Marjayoun; DBps; http://ace2004/dataset/20000815_AFP_ARB.0071.eng_sentence22#1426,1723
Wadi Marjayoun;60-74; https://en.wikipedia.org/wiki/Marjayoun ;Marjayoun;65-74; https://en.wikipedia.org/wiki/Marjayoun; TAGME; http://ace2004/dataset/20000815_AFP_ARB.0071.eng_sentence22#1426,1723
Saudi Arabia;31-43; https://en.wikipedia.org/wiki/Saudi_Arabia ;Saudi;31-36; https://en.wikipedia.org/wiki/Saudi_Arabia; Babelfyr; http://ace2004/dataset/20001015_AFP_ARB.0053.eng_sentence25#333,688
Saudi Arabia;31-43; https://en.wikipedia.org/wiki/Saudi_Arabia ;Saudi;31-36; https://en.wikipedia.org/wiki/Saudi_Arabia; Babelfys; http://ace2004/dataset/20001015_AFP_ARB.0053.eng_sentence25#333,688
telephone call;5-19; https://en.wikipedia.org/wiki/Telephone_call ;call;15-19; https://en.wikipedia.org/wiki/Telephone_call; Babelfyr; http://ace2004/dataset/20001015_AFP_ARB.0053.eng_sentence27#862,1003
Gulf;59-63; https://en.wikipedia.org/wiki/Persian_Gulf ;Gulf region;59-70; https://en.wikipedia.org/wiki/Persian_Gulf; Babelfyr; http://ace2004/dataset/20001015_AFP_ARB.0053.eng_sentence30#1379,1707
Gulf;59-63; https://en.wikipedia.org/wiki/Persian_Gulf ;Gulf region;59-70; https://en.wikipedia.org/wiki/Persian_Gulf; Babelfys; http://ace2004/dataset/20001015_AFP_ARB.0053.eng_sentence30#1379,1707
Gulf;59-63; https://en.wikipedia.org/wiki/Persian_Gulf ;Gulf region;59-70; https://en.wikipedia.org/wiki/Persian_Gulf; TAGME; http://ace2004/dataset/20001015_AFP_ARB.0053.eng_sentence30#1379,1707
Bill Clinton;56-68; https://en.wikipedia.org/wiki/Bill_Clinton ;President Bill Clinton;46-68; https://en.wikipedia.org/wiki/Bill_Clinton; Babelfyr; http://ace2004/dataset/20001115_AFP_ARB.0013.eng_sentence34#0,350
Bill Clinton;56-68; https://en.wikipedia.org/wiki/Bill_Clinton ;President Bill Clinton;46-68; https://en.wikipedia.org/wiki/Bill_Clinton; Babelfys; http://ace2004/dataset/20001115_AFP_ARB.0013.eng_sentence34#0,350
Asia-Pacific Economic Cooperation;60-93; https://en.wikipedia.org/wiki/Asia-Pacific_Economic_Cooperation ;Asia-Pacific Economic Cooperation forum;60-99; https://en.wikipedia.org/wiki/Asia-Pacific_Economic_Cooperation; Babelfyr; http://ace2004/dataset/20001115_AFP_ARB.0013.eng_sentence35#351,844
Al Gore;154-161; https://en.wikipedia.org/wiki/Al_Gore ;Gore;157-161; https://en.wikipedia.org/wiki/Al_Gore; Babelfyr; http://ace2004/dataset/20001115_AFP_ARB.0013.eng_sentence35#351,844
George Bush;175-186; https://en.wikipedia.org/wiki/George_W._Bush ;Bush;182-186; https://en.wikipedia.org/wiki/George_W._Bush; Babelfyr; http://ace2004/dataset/20001115_AFP_ARB.0013.eng_sentence35#351,844
Asia-Pacific Economic Cooperation;60-93; https://en.wikipedia.org/wiki/Asia-Pacific_Economic_Cooperation ;Asia-Pacific Economic Cooperation forum;60-99; https://en.wikipedia.org/wiki/Asia-Pacific_Economic_Cooperation; Babelfys; http://ace2004/dataset/20001115_AFP_ARB.0013.eng_sentence35#351,844
Al Gore;154-161; https://en.wikipedia.org/wiki/Al_Gore ;Gore;157-161; https://en.wikipedia.org/wiki/Al_Gore; Babelfys; http://ace2004/dataset/20001115_AFP_ARB.0013.eng_sentence35#351,844
George Bush;175-186; https://en.wikipedia.org/wiki/George_W._Bush ;Bush;182-186; https://en.wikipedia.org/wiki/George_W._Bush; Babelfys; http://ace2004/dataset/20001115_AFP_ARB.0013.eng_sentence35#351,844
United States;136-149; https://en.wikipedia.org/wiki/United_States ;States;143-149; https://en.wikipedia.org/wiki/United_States; Babelfyr; http://ace2004/dataset/20001115_AFP_ARB.0013.eng_sentence36#845,1022
United States;136-149; https://en.wikipedia.org/wiki/United_States ;States;143-149; https://en.wikipedia.org/wiki/United_States; Babelfys; http://ace2004/dataset/20001115_AFP_ARB.0013.eng_sentence36#845,1022
Al Gore;130-137; https://en.wikipedia.org/wiki/Al_Gore ;Gore;133-137; https://en.wikipedia.org/wiki/Al_Gore; Babelfyr; http://ace2004/dataset/20001115_AFP_ARB.0013.eng_sentence37#1023,1230
George Bush;74-85; https://en.wikipedia.org/wiki/George_W._Bush ;Bush;81-85; https://en.wikipedia.org/wiki/George_W._Bush; Babelfyr; http://ace2004/dataset/20001115_AFP_ARB.0013.eng_sentence37#1023,1230
Al Gore;130-137; https://en.wikipedia.org/wiki/Al_Gore ;Gore;133-137; https://en.wikipedia.org/wiki/Al_Gore; Babelfys; http://ace2004/dataset/20001115_AFP_ARB.0013.eng_sentence37#1023,1230
George Bush;74-85; https://en.wikipedia.org/wiki/George_W._Bush ;Bush;81-85; https://en.wikipedia.org/wiki/George_W._Bush; Babelfys; http://ace2004/dataset/20001115_AFP_ARB.0013.eng_sentence37#1023,1230
Clinton;21-28; https://en.wikipedia.org/wiki/Bill_Clinton ;President Clinton;11-28; https://en.wikipedia.org/wiki/Bill_Clinton; Babelfyr; http://ace2004/dataset/20001115_AFP_ARB.0013.eng_sentence38#1231,1413
Clinton;21-28; https://en.wikipedia.org/wiki/Bill_Clinton ;President Clinton;11-28; https://en.wikipedia.org/wiki/Bill_Clinton; Babelfys; http://ace2004/dataset/20001115_AFP_ARB.0013.eng_sentence38#1231,1413
Clinton;21-28; https://en.wikipedia.org/wiki/Bill_Clinton ;President Clinton;11-28; https://en.wikipedia.org/wiki/Bill_Clinton; TAGME; http://ace2004/dataset/20001115_AFP_ARB.0013.eng_sentence38#1231,1413
Apec;151-155; https://en.wikipedia.org/wiki/Asia-Pacific_Economic_Cooperation ;Apec summit;151-162; https://en.wikipedia.org/wiki/Asia-Pacific_Economic_Cooperation; Babelfyr; http://ace2004/dataset/20001115_AFP_ARB.0013.eng_sentence39#1414,1659
Apec;151-155; https://en.wikipedia.org/wiki/Asia-Pacific_Economic_Cooperation ;Apec summit;151-162; https://en.wikipedia.org/wiki/Asia-Pacific_Economic_Cooperation; Babelfys; http://ace2004/dataset/20001115_AFP_ARB.0013.eng_sentence39#1414,1659
Apec;151-155; https://en.wikipedia.org/wiki/Asia-Pacific_Economic_Cooperation ;Apec summit;151-162; https://en.wikipedia.org/wiki/Asia-Pacific_Economic_Cooperation; TAGME; http://ace2004/dataset/20001115_AFP_ARB.0013.eng_sentence39#1414,1659
the Israeli army;202-218; https://en.wikipedia.org/wiki/Israel_Defense_Forces ;Israeli army;206-218; https://en.wikipedia.org/wiki/Israel_Defense_Forces; Babelfyr; http://ace2004/dataset/20001115_AFP_ARB.0030.eng_sentence40#0,219
the Israeli army;202-218; https://en.wikipedia.org/wiki/Israel_Defense_Forces ;Israeli army;206-218; https://en.wikipedia.org/wiki/Israel_Defense_Forces; DBps; http://ace2004/dataset/20001115_AFP_ARB.0030.eng_sentence40#0,219
the Israeli army;202-218; https://en.wikipedia.org/wiki/Israel_Defense_Forces ;Israeli army;206-218; https://en.wikipedia.org/wiki/Israel_Defense_Forces; FREMENER; http://ace2004/dataset/20001115_AFP_ARB.0030.eng_sentence40#0,219
the Israeli army;202-218; https://en.wikipedia.org/wiki/Israel_Defense_Forces ;Israeli army;206-218; https://en.wikipedia.org/wiki/Israel_Defense_Forces; TAGME; http://ace2004/dataset/20001115_AFP_ARB.0030.eng_sentence40#0,219
the Israeli army;45-61; https://en.wikipedia.org/wiki/Israel_Defense_Forces ;Israeli army;49-61; https://en.wikipedia.org/wiki/Israel_Defense_Forces; Babelfyr; http://ace2004/dataset/20001115_AFP_ARB.0030.eng_sentence42#369,628
the Israeli army;45-61; https://en.wikipedia.org/wiki/Israel_Defense_Forces ;Israeli army;49-61; https://en.wikipedia.org/wiki/Israel_Defense_Forces; DBps; http://ace2004/dataset/20001115_AFP_ARB.0030.eng_sentence42#369,628
the Israeli army;45-61; https://en.wikipedia.org/wiki/Israel_Defense_Forces ;Israeli army;49-61; https://en.wikipedia.org/wiki/Israel_Defense_Forces; FREMENER; http://ace2004/dataset/20001115_AFP_ARB.0030.eng_sentence42#369,628
the Israeli army;45-61; https://en.wikipedia.org/wiki/Israel_Defense_Forces ;Israeli army;49-61; https://en.wikipedia.org/wiki/Israel_Defense_Forces; TAGME; http://ace2004/dataset/20001115_AFP_ARB.0030.eng_sentence42#369,628
the Israeli army;39-55; https://en.wikipedia.org/wiki/Israel_Defense_Forces ;Israeli army;43-55; https://en.wikipedia.org/wiki/Israel_Defense_Forces; Babelfyr; http://ace2004/dataset/20001115_AFP_ARB.0030.eng_sentence44#894,1028
the Israeli army;39-55; https://en.wikipedia.org/wiki/Israel_Defense_Forces ;Israeli army;43-55; https://en.wikipedia.org/wiki/Israel_Defense_Forces; DBps; http://ace2004/dataset/20001115_AFP_ARB.0030.eng_sentence44#894,1028
the Israeli army;39-55; https://en.wikipedia.org/wiki/Israel_Defense_Forces ;Israeli army;43-55; https://en.wikipedia.org/wiki/Israel_Defense_Forces; FREMENER; http://ace2004/dataset/20001115_AFP_ARB.0030.eng_sentence44#894,1028
the Israeli army;39-55; https://en.wikipedia.org/wiki/Israel_Defense_Forces ;Israeli army;43-55; https://en.wikipedia.org/wiki/Israel_Defense_Forces; TAGME; http://ace2004/dataset/20001115_AFP_ARB.0030.eng_sentence44#894,1028
Bill Clinton;148-160; https://en.wikipedia.org/wiki/Bill_Clinton ;President Bill Clinton;138-160; https://en.wikipedia.org/wiki/Bill_Clinton; Babelfyr; http://ace2004/dataset/20001115_AFP_ARB.0060.eng_sentence46#0,348
Vladimir Putin;189-203; https://en.wikipedia.org/wiki/Vladimir_Putin ;Putin;198-203; https://en.wikipedia.org/wiki/Vladimir_Putin; Babelfyr; http://ace2004/dataset/20001115_AFP_ARB.0060.eng_sentence46#0,348
Bill Clinton;148-160; https://en.wikipedia.org/wiki/Bill_Clinton ;President Bill Clinton;138-160; https://en.wikipedia.org/wiki/Bill_Clinton; Babelfys; http://ace2004/dataset/20001115_AFP_ARB.0060.eng_sentence46#0,348
Vladimir Putin;189-203; https://en.wikipedia.org/wiki/Vladimir_Putin ;Putin;198-203; https://en.wikipedia.org/wiki/Vladimir_Putin; Babelfys; http://ace2004/dataset/20001115_AFP_ARB.0060.eng_sentence46#0,348
Putin;209-214; https://en.wikipedia.org/wiki/Vladimir_Putin ;Putin's;209-216; https://en.wikipedia.org/wiki/Vladimir_Putin; TAGME; http://ace2004/dataset/20001115_AFP_ARB.0060.eng_sentence46#0,348
Putin;107-112; https://en.wikipedia.org/wiki/Vladimir_Putin ;President Putin;97-112; https://en.wikipedia.org/wiki/Vladimir_Putin; Babelfyr; http://ace2004/dataset/20001115_AFP_ARB.0060.eng_sentence47#349,616
Putin;107-112; https://en.wikipedia.org/wiki/Vladimir_Putin ;President Putin;97-112; https://en.wikipedia.org/wiki/Vladimir_Putin; Babelfys; http://ace2004/dataset/20001115_AFP_ARB.0060.eng_sentence47#349,616
Putin;107-112; https://en.wikipedia.org/wiki/Vladimir_Putin ;Putin's;107-114; https://en.wikipedia.org/wiki/Vladimir_Putin; TAGME; http://ace2004/dataset/20001115_AFP_ARB.0060.eng_sentence47#349,616
Putin;107-112; https://en.wikipedia.org/wiki/Vladimir_Putin ;President Putin;97-112; https://en.wikipedia.org/wiki/Vladimir_Putin; TAGME; http://ace2004/dataset/20001115_AFP_ARB.0060.eng_sentence47#349,616
Brunei;143-149; https://en.wikipedia.org/wiki/Brunei ;Sultanate of Brunei;130-149; https://en.wikipedia.org/wiki/Brunei; Babelfyr; http://ace2004/dataset/20001115_AFP_ARB.0060.eng_sentence48#617,767
Brunei;143-149; https://en.wikipedia.org/wiki/Brunei ;Sultanate of Brunei;130-149; https://en.wikipedia.org/wiki/Brunei; Babelfys; http://ace2004/dataset/20001115_AFP_ARB.0060.eng_sentence48#617,767
APEC;76-80; https://en.wikipedia.org/wiki/Asia-Pacific_Economic_Cooperation ;Asia-Pacific Economic Cooperation (APEC);41-81; https://en.wikipedia.org/wiki/Asia-Pacific_Economic_Cooperation; DBps; http://ace2004/dataset/20001115_AFP_ARB.0060.eng_sentence48#617,767
Asia-Pacific Economic Cooperation;41-74; https://en.wikipedia.org/wiki/Asia-Pacific_Economic_Cooperation ;Asia-Pacific Economic Cooperation (APEC);41-81; https://en.wikipedia.org/wiki/Asia-Pacific_Economic_Cooperation; DBps; http://ace2004/dataset/20001115_AFP_ARB.0060.eng_sentence48#617,767
Brunei;143-149; https://en.wikipedia.org/wiki/Brunei ;Sultanate of Brunei;130-149; https://en.wikipedia.org/wiki/Brunei; TAGME; http://ace2004/dataset/20001115_AFP_ARB.0060.eng_sentence48#617,767
Putin;57-62; https://en.wikipedia.org/wiki/Vladimir_Putin ;Putin's;57-64; https://en.wikipedia.org/wiki/Vladimir_Putin; TAGME; http://ace2004/dataset/20001115_AFP_ARB.0060.eng_sentence50#829,1056
anti- missile defenses;173-195; https://en.wikipedia.org/wiki/Missile_defense ;anti- missile;173-186; https://en.wikipedia.org/wiki/Missile_defense; TAGME; http://ace2004/dataset/20001115_AFP_ARB.0060.eng_sentence53#1366,1568
missile defenses;179-195; https://en.wikipedia.org/wiki/Missile_defense ;anti- missile;173-186; https://en.wikipedia.org/wiki/Missile_defense; TAGME; http://ace2004/dataset/20001115_AFP_ARB.0060.eng_sentence53#1366,1568
George Bush Junior;66-84; https://en.wikipedia.org/wiki/George_W._Bush ;Bush Junior;73-84; https://en.wikipedia.org/wiki/George_W._Bush; Babelfyr; http://ace2004/dataset/20001115_AFP_ARB.0060.eng_sentence56#1824,2147
George Bush Junior;66-84; https://en.wikipedia.org/wiki/George_W._Bush ;Bush Junior;73-84; https://en.wikipedia.org/wiki/George_W._Bush; Babelfys; http://ace2004/dataset/20001115_AFP_ARB.0060.eng_sentence56#1824,2147
Clinton;169-176; https://en.wikipedia.org/wiki/Bill_Clinton ;Clinton administration;169-191; https://en.wikipedia.org/wiki/Bill_Clinton; TAGME; http://ace2004/dataset/20001115_AFP_ARB.0060.eng_sentence56#1824,2147
presidential;43-55; https://en.wikipedia.org/wiki/President_of_the_United_States ;presidential candidate;43-65; https://en.wikipedia.org/wiki/President_of_the_United_States; TAGME; http://ace2004/dataset/20001115_AFP_ARB.0060.eng_sentence56#1824,2147
Putin;118-123; https://en.wikipedia.org/wiki/Vladimir_Putin ;President Putin;108-123; https://en.wikipedia.org/wiki/Vladimir_Putin; Babelfyr; http://ace2004/dataset/20001115_AFP_ARB.0060.eng_sentence58#2323,2600
Putin;118-123; https://en.wikipedia.org/wiki/Vladimir_Putin ;President Putin;108-123; https://en.wikipedia.org/wiki/Vladimir_Putin; Babelfys; http://ace2004/dataset/20001115_AFP_ARB.0060.eng_sentence58#2323,2600
Putin;118-123; https://en.wikipedia.org/wiki/Vladimir_Putin ;President Putin;108-123; https://en.wikipedia.org/wiki/Vladimir_Putin; TAGME; http://ace2004/dataset/20001115_AFP_ARB.0060.eng_sentence58#2323,2600
Yasser Arafat;139-152; https://en.wikipedia.org/wiki/Yasser_Arafat ;Arafat;146-152; https://en.wikipedia.org/wiki/Yasser_Arafat; Babelfyr; http://ace2004/dataset/20001115_AFP_ARB.0061.eng_sentence62#0,226
area 'A';191-199; https://en.wikipedia.org/wiki/West_Bank_Areas_in_the_Oslo_II_Accord ;area 'A;191-198; https://en.wikipedia.org/wiki/West_Bank_Areas_in_the_Oslo_II_Accord; Babelfyr; http://ace2004/dataset/20001115_AFP_ARB.0061.eng_sentence62#0,226
Yasser Arafat;139-152; https://en.wikipedia.org/wiki/Yasser_Arafat ;Arafat;146-152; https://en.wikipedia.org/wiki/Yasser_Arafat; Babelfys; http://ace2004/dataset/20001115_AFP_ARB.0061.eng_sentence62#0,226
area 'A';191-199; https://en.wikipedia.org/wiki/West_Bank_Areas_in_the_Oslo_II_Accord ;area 'A;191-198; https://en.wikipedia.org/wiki/West_Bank_Areas_in_the_Oslo_II_Accord; Babelfys; http://ace2004/dataset/20001115_AFP_ARB.0061.eng_sentence62#0,226
area 'A';191-199; https://en.wikipedia.org/wiki/West_Bank_Areas_in_the_Oslo_II_Accord ;area 'A;191-198; https://en.wikipedia.org/wiki/West_Bank_Areas_in_the_Oslo_II_Accord; TAGME; http://ace2004/dataset/20001115_AFP_ARB.0061.eng_sentence62#0,226
Yasser Arafat;81-94; https://en.wikipedia.org/wiki/Yasser_Arafat ;Arafat;88-94; https://en.wikipedia.org/wiki/Yasser_Arafat; Babelfyr; http://ace2004/dataset/20001115_AFP_ARB.0061.eng_sentence63#227,499
Yasser Arafat;81-94; https://en.wikipedia.org/wiki/Yasser_Arafat ;Arafat;88-94; https://en.wikipedia.org/wiki/Yasser_Arafat; Babelfys; http://ace2004/dataset/20001115_AFP_ARB.0061.eng_sentence63#227,499
terrorist;79-88; https://en.wikipedia.org/wiki/Terrorism ;terrorist acts;79-93; https://en.wikipedia.org/wiki/Terrorism; Babelfyr; http://ace2004/dataset/20001115_AFP_ARB.0065.eng_sentence68#767,922
terrorist;79-88; https://en.wikipedia.org/wiki/Terrorism ;terrorist acts;79-93; https://en.wikipedia.org/wiki/Terrorism; TAGME; http://ace2004/dataset/20001115_AFP_ARB.0065.eng_sentence68#767,922
Mohamed al-Dura;199-214; https://en.wikipedia.org/wiki/Muhammad_al-Durrah_incident ;al-Dura;207-214; https://en.wikipedia.org/wiki/Muhammad_al-Durrah_incident; Babelfyr; http://ace2004/dataset/20001115_AFP_ARB.0089.eng_sentence80#247,576
Yasser Arafat;248-261; https://en.wikipedia.org/wiki/Yasser_Arafat ;Arafat;255-261; https://en.wikipedia.org/wiki/Yasser_Arafat; Babelfyr; http://ace2004/dataset/20001115_AFP_ARB.0089.eng_sentence81#577,869
Yasser Arafat;248-261; https://en.wikipedia.org/wiki/Yasser_Arafat ;Arafat;255-261; https://en.wikipedia.org/wiki/Yasser_Arafat; Babelfys; http://ace2004/dataset/20001115_AFP_ARB.0089.eng_sentence81#577,869
Yasser Arafat;248-261; https://en.wikipedia.org/wiki/Yasser_Arafat ;Arafat;255-261; https://en.wikipedia.org/wiki/Yasser_Arafat; FREMENER; http://ace2004/dataset/20001115_AFP_ARB.0089.eng_sentence81#577,869
young people;11-23; https://en.wikipedia.org/wiki/Youth ;young;11-16; https://en.wikipedia.org/wiki/Youth; TAGME; http://ace2004/dataset/20001115_AFP_ARB.0089.eng_sentence82#870,957
Palestinian;46-57; https://en.wikipedia.org/wiki/State_of_Palestine ;Palestinian state;46-63; https://en.wikipedia.org/wiki/State_of_Palestine; Babelfyr; http://ace2004/dataset/20001115_AFP_ARB.0089.eng_sentence84#1234,1384
Palestinian;46-57; https://en.wikipedia.org/wiki/State_of_Palestine ;Palestinian state;46-63; https://en.wikipedia.org/wiki/State_of_Palestine; Babelfys; http://ace2004/dataset/20001115_AFP_ARB.0089.eng_sentence84#1234,1384
Palestinian;46-57; https://en.wikipedia.org/wiki/State_of_Palestine ;Palestinian state;46-63; https://en.wikipedia.org/wiki/State_of_Palestine; FREMENER; http://ace2004/dataset/20001115_AFP_ARB.0089.eng_sentence84#1234,1384
Palestinian;46-57; https://en.wikipedia.org/wiki/State_of_Palestine ;Palestinian state;46-63; https://en.wikipedia.org/wiki/State_of_Palestine; TAGME; http://ace2004/dataset/20001115_AFP_ARB.0089.eng_sentence84#1234,1384
Palestinian territory;189-210; https://en.wikipedia.org/wiki/Palestinian_territories ;occupied Palestinian territory;180-210; https://en.wikipedia.org/wiki/Palestinian_territories; Babelfyr; http://ace2004/dataset/20001115_AFP_ARB.0089.eng_sentence86#1578,1894
Palestinian territory;189-210; https://en.wikipedia.org/wiki/Palestinian_territories ;occupied Palestinian territory;180-210; https://en.wikipedia.org/wiki/Palestinian_territories; TAGME; http://ace2004/dataset/20001115_AFP_ARB.0089.eng_sentence86#1578,1894
occupying;129-138; https://en.wikipedia.org/wiki/Military_occupation ;occupying forces;129-145; https://en.wikipedia.org/wiki/Military_occupation; TAGME; http://ace2004/dataset/20001115_AFP_ARB.0089.eng_sentence86#1578,1894
the first Palestinian Intifada;120-150; https://en.wikipedia.org/wiki/First_Intifada ;Palestinian Intifada;130-150; https://en.wikipedia.org/wiki/First_Intifada; Babelfyr; http://ace2004/dataset/20001115_AFP_ARB.0089.eng_sentence87#1895,2149
the first Palestinian Intifada;120-150; https://en.wikipedia.org/wiki/First_Intifada ;first Palestinian Intifada;124-150; https://en.wikipedia.org/wiki/First_Intifada; Babelfyr; http://ace2004/dataset/20001115_AFP_ARB.0089.eng_sentence87#1895,2149
a Palestinian state;63-82; https://en.wikipedia.org/wiki/State_of_Palestine ;Palestinian state;65-82; https://en.wikipedia.org/wiki/State_of_Palestine; Babelfyr; http://ace2004/dataset/20001115_AFP_ARB.0089.eng_sentence87#1895,2149
accords;226-233; https://en.wikipedia.org/wiki/Peace_treaty ;peace accords;220-233; https://en.wikipedia.org/wiki/Peace_treaty; Babelfyr; http://ace2004/dataset/20001115_AFP_ARB.0089.eng_sentence87#1895,2149
Yasser Arafat;22-35; https://en.wikipedia.org/wiki/Yasser_Arafat ;Arafat;29-35; https://en.wikipedia.org/wiki/Yasser_Arafat; Babelfyr; http://ace2004/dataset/20001115_AFP_ARB.0089.eng_sentence87#1895,2149
the first Palestinian Intifada;120-150; https://en.wikipedia.org/wiki/First_Intifada ;Palestinian Intifada;130-150; https://en.wikipedia.org/wiki/First_Intifada; Babelfys; http://ace2004/dataset/20001115_AFP_ARB.0089.eng_sentence87#1895,2149
the first Palestinian Intifada;120-150; https://en.wikipedia.org/wiki/First_Intifada ;first Palestinian Intifada;124-150; https://en.wikipedia.org/wiki/First_Intifada; Babelfys; http://ace2004/dataset/20001115_AFP_ARB.0089.eng_sentence87#1895,2149
a Palestinian state;63-82; https://en.wikipedia.org/wiki/State_of_Palestine ;Palestinian state;65-82; https://en.wikipedia.org/wiki/State_of_Palestine; Babelfys; http://ace2004/dataset/20001115_AFP_ARB.0089.eng_sentence87#1895,2149
Yasser Arafat;22-35; https://en.wikipedia.org/wiki/Yasser_Arafat ;Arafat;29-35; https://en.wikipedia.org/wiki/Yasser_Arafat; Babelfys; http://ace2004/dataset/20001115_AFP_ARB.0089.eng_sentence87#1895,2149
the first Palestinian Intifada;120-150; https://en.wikipedia.org/wiki/First_Intifada ;Palestinian Intifada;130-150; https://en.wikipedia.org/wiki/First_Intifada; FREMENER; http://ace2004/dataset/20001115_AFP_ARB.0089.eng_sentence87#1895,2149
a Palestinian state;63-82; https://en.wikipedia.org/wiki/State_of_Palestine ;Palestinian state;65-82; https://en.wikipedia.org/wiki/State_of_Palestine; FREMENER; http://ace2004/dataset/20001115_AFP_ARB.0089.eng_sentence87#1895,2149
the first Palestinian Intifada;120-150; https://en.wikipedia.org/wiki/First_Intifada ;first Palestinian Intifada;124-150; https://en.wikipedia.org/wiki/First_Intifada; TAGME; http://ace2004/dataset/20001115_AFP_ARB.0089.eng_sentence87#1895,2149
a Palestinian state;63-82; https://en.wikipedia.org/wiki/State_of_Palestine ;Palestinian state;65-82; https://en.wikipedia.org/wiki/State_of_Palestine; TAGME; http://ace2004/dataset/20001115_AFP_ARB.0089.eng_sentence87#1895,2149
Yasser Arafat;118-131; https://en.wikipedia.org/wiki/Yasser_Arafat ;Arafat;125-131; https://en.wikipedia.org/wiki/Yasser_Arafat; Babelfyr; http://ace2004/dataset/20001115_AFP_ARB.0093.eng_sentence88#0,330
Yasser Arafat;118-131; https://en.wikipedia.org/wiki/Yasser_Arafat ;Arafat;125-131; https://en.wikipedia.org/wiki/Yasser_Arafat; Babelfys; http://ace2004/dataset/20001115_AFP_ARB.0093.eng_sentence88#0,330
Brunei;99-105; https://en.wikipedia.org/wiki/Brunei ;Sultanate of Brunei;86-105; https://en.wikipedia.org/wiki/Brunei; Babelfyr; http://ace2004/dataset/20001115_AFP_ARB.0093.eng_sentence89#331,574
Bill Clinton;131-143; https://en.wikipedia.org/wiki/Bill_Clinton ;President Bill Clinton;121-143; https://en.wikipedia.org/wiki/Bill_Clinton; Babelfyr; http://ace2004/dataset/20001115_AFP_ARB.0093.eng_sentence89#331,574
Brunei;99-105; https://en.wikipedia.org/wiki/Brunei ;Sultanate of Brunei;86-105; https://en.wikipedia.org/wiki/Brunei; Babelfys; http://ace2004/dataset/20001115_AFP_ARB.0093.eng_sentence89#331,574
Bill Clinton;131-143; https://en.wikipedia.org/wiki/Bill_Clinton ;President Bill Clinton;121-143; https://en.wikipedia.org/wiki/Bill_Clinton; Babelfys; http://ace2004/dataset/20001115_AFP_ARB.0093.eng_sentence89#331,574
Brunei;99-105; https://en.wikipedia.org/wiki/Brunei ;Sultanate of Brunei;86-105; https://en.wikipedia.org/wiki/Brunei; TAGME; http://ace2004/dataset/20001115_AFP_ARB.0093.eng_sentence89#331,574
Asia-Pacific Economic Cooperation;31-64; https://en.wikipedia.org/wiki/Asia-Pacific_Economic_Cooperation ;Asia-Pacific Economic Cooperation forum;31-70; https://en.wikipedia.org/wiki/Asia-Pacific_Economic_Cooperation; Babelfyr; http://ace2004/dataset/20001115_AFP_ARB.0093.eng_sentence91#711,799
Asia-Pacific Economic Cooperation;31-64; https://en.wikipedia.org/wiki/Asia-Pacific_Economic_Cooperation ;Asia-Pacific Economic Cooperation forum;31-70; https://en.wikipedia.org/wiki/Asia-Pacific_Economic_Cooperation; Babelfys; http://ace2004/dataset/20001115_AFP_ARB.0093.eng_sentence91#711,799
Bill Clinton;38-50; https://en.wikipedia.org/wiki/Bill_Clinton ;President Bill Clinton;28-50; https://en.wikipedia.org/wiki/Bill_Clinton; Babelfyr; http://ace2004/dataset/20001115_AFP_ARB.0093.eng_sentence92#800,936
Bill Clinton;38-50; https://en.wikipedia.org/wiki/Bill_Clinton ;President Bill Clinton;28-50; https://en.wikipedia.org/wiki/Bill_Clinton; Babelfys; http://ace2004/dataset/20001115_AFP_ARB.0093.eng_sentence92#800,936
Yasser Arafat;107-120; https://en.wikipedia.org/wiki/Yasser_Arafat ;Arafat;114-120; https://en.wikipedia.org/wiki/Yasser_Arafat; Babelfyr; http://ace2004/dataset/20001115_AFP_ARB.0093.eng_sentence94#1138,1332
area 'A';159-167; https://en.wikipedia.org/wiki/West_Bank_Areas_in_the_Oslo_II_Accord ;area 'A;159-166; https://en.wikipedia.org/wiki/West_Bank_Areas_in_the_Oslo_II_Accord; Babelfyr; http://ace2004/dataset/20001115_AFP_ARB.0093.eng_sentence94#1138,1332
Yasser Arafat;107-120; https://en.wikipedia.org/wiki/Yasser_Arafat ;Arafat;114-120; https://en.wikipedia.org/wiki/Yasser_Arafat; Babelfys; http://ace2004/dataset/20001115_AFP_ARB.0093.eng_sentence94#1138,1332
area 'A';159-167; https://en.wikipedia.org/wiki/West_Bank_Areas_in_the_Oslo_II_Accord ;area 'A;159-166; https://en.wikipedia.org/wiki/West_Bank_Areas_in_the_Oslo_II_Accord; Babelfys; http://ace2004/dataset/20001115_AFP_ARB.0093.eng_sentence94#1138,1332
area 'A';159-167; https://en.wikipedia.org/wiki/West_Bank_Areas_in_the_Oslo_II_Accord ;area 'A;159-166; https://en.wikipedia.org/wiki/West_Bank_Areas_in_the_Oslo_II_Accord; TAGME; http://ace2004/dataset/20001115_AFP_ARB.0093.eng_sentence94#1138,1332
Yasser Arafat;112-125; https://en.wikipedia.org/wiki/Yasser_Arafat ;Arafat;119-125; https://en.wikipedia.org/wiki/Yasser_Arafat; Babelfyr; http://ace2004/dataset/20001115_AFP_ARB.0093.eng_sentence95#1333,1641
Yasser Arafat;112-125; https://en.wikipedia.org/wiki/Yasser_Arafat ;Arafat;119-125; https://en.wikipedia.org/wiki/Yasser_Arafat; Babelfys; http://ace2004/dataset/20001115_AFP_ARB.0093.eng_sentence95#1333,1641
the lesser security cabinet;64-91; https://en.wikipedia.org/wiki/Security_Cabinet_of_Israel ;security cabinet;75-91; https://en.wikipedia.org/wiki/Security_Cabinet_of_Israel; Babelfyr; http://ace2004/dataset/20001115_AFP_ARB.0184.eng_sentence97#0,235
the lesser security cabinet;64-91; https://en.wikipedia.org/wiki/Security_Cabinet_of_Israel ;security cabinet;75-91; https://en.wikipedia.org/wiki/Security_Cabinet_of_Israel; Babelfys; http://ace2004/dataset/20001115_AFP_ARB.0184.eng_sentence97#0,235
the lesser security cabinet;64-91; https://en.wikipedia.org/wiki/Security_Cabinet_of_Israel ;security cabinet;75-91; https://en.wikipedia.org/wiki/Security_Cabinet_of_Israel; TAGME; http://ace2004/dataset/20001115_AFP_ARB.0184.eng_sentence97#0,235
the security cabinet;74-94; https://en.wikipedia.org/wiki/Security_Cabinet_of_Israel ;security cabinet;78-94; https://en.wikipedia.org/wiki/Security_Cabinet_of_Israel; Babelfyr; http://ace2004/dataset/20001115_AFP_ARB.0184.eng_sentence98#236,501
the security cabinet;74-94; https://en.wikipedia.org/wiki/Security_Cabinet_of_Israel ;security cabinet;78-94; https://en.wikipedia.org/wiki/Security_Cabinet_of_Israel; Babelfys; http://ace2004/dataset/20001115_AFP_ARB.0184.eng_sentence98#236,501
the security cabinet;74-94; https://en.wikipedia.org/wiki/Security_Cabinet_of_Israel ;security cabinet;78-94; https://en.wikipedia.org/wiki/Security_Cabinet_of_Israel; TAGME; http://ace2004/dataset/20001115_AFP_ARB.0184.eng_sentence98#236,501
Yasser Arafat;76-89; https://en.wikipedia.org/wiki/Yasser_Arafat ;Arafat;83-89; https://en.wikipedia.org/wiki/Yasser_Arafat; Babelfyr; http://ace2004/dataset/20001115_AFP_ARB.0184.eng_sentence99#502,681
Yasser Arafat;76-89; https://en.wikipedia.org/wiki/Yasser_Arafat ;Arafat;83-89; https://en.wikipedia.org/wiki/Yasser_Arafat; Babelfys; http://ace2004/dataset/20001115_AFP_ARB.0184.eng_sentence99#502,681
prime minister;16-30; https://en.wikipedia.org/wiki/Prime_Minister_of_Israel ;prime minister's office;16-39; https://en.wikipedia.org/wiki/Prime_Minister_of_Israel; TAGME; http://ace2004/dataset/20001115_AFP_ARB.0184.eng_sentence100#682,1014
The security cabinet;0-20; https://en.wikipedia.org/wiki/Security_Cabinet_of_Israel ;security cabinet;4-20; https://en.wikipedia.org/wiki/Security_Cabinet_of_Israel; Babelfyr; http://ace2004/dataset/20001115_AFP_ARB.0184.eng_sentence102#1123,1297
The security cabinet;0-20; https://en.wikipedia.org/wiki/Security_Cabinet_of_Israel ;security cabinet;4-20; https://en.wikipedia.org/wiki/Security_Cabinet_of_Israel; Babelfys; http://ace2004/dataset/20001115_AFP_ARB.0184.eng_sentence102#1123,1297
The security cabinet;0-20; https://en.wikipedia.org/wiki/Security_Cabinet_of_Israel ;security cabinet;4-20; https://en.wikipedia.org/wiki/Security_Cabinet_of_Israel; TAGME; http://ace2004/dataset/20001115_AFP_ARB.0184.eng_sentence102#1123,1297
Connecticut;268-279; https://en.wikipedia.org/wiki/Connecticut ;state of Connecticut;259-279; https://en.wikipedia.org/wiki/Connecticut; Babelfyr; http://ace2004/dataset/20001115_AFP_ARB.0212.eng_sentence109#0,292
America's Assistant Secretary of State;44-82; https://en.wikipedia.org/wiki/United_States_Assistant_Secretary_of_State ;Assistant Secretary of State;54-82; https://en.wikipedia.org/wiki/United_States_Assistant_Secretary_of_State; Babelfyr; http://ace2004/dataset/20001115_AFP_ARB.0212.eng_sentence109#0,292
Connecticut;268-279; https://en.wikipedia.org/wiki/Connecticut ;state of Connecticut;259-279; https://en.wikipedia.org/wiki/Connecticut; Babelfys; http://ace2004/dataset/20001115_AFP_ARB.0212.eng_sentence109#0,292
America's Assistant Secretary of State;44-82; https://en.wikipedia.org/wiki/United_States_Assistant_Secretary_of_State ;Assistant Secretary of State;54-82; https://en.wikipedia.org/wiki/United_States_Assistant_Secretary_of_State; Babelfys; http://ace2004/dataset/20001115_AFP_ARB.0212.eng_sentence109#0,292
America's Assistant Secretary of State;44-82; https://en.wikipedia.org/wiki/United_States_Assistant_Secretary_of_State ;Assistant Secretary of State;54-82; https://en.wikipedia.org/wiki/United_States_Assistant_Secretary_of_State; FREMENER; http://ace2004/dataset/20001115_AFP_ARB.0212.eng_sentence109#0,292
Connecticut;268-279; https://en.wikipedia.org/wiki/Connecticut ;state of Connecticut;259-279; https://en.wikipedia.org/wiki/Connecticut; TAGME; http://ace2004/dataset/20001115_AFP_ARB.0212.eng_sentence109#0,292
America's Assistant Secretary of State;44-82; https://en.wikipedia.org/wiki/United_States_Assistant_Secretary_of_State ;Assistant Secretary of State;54-82; https://en.wikipedia.org/wiki/United_States_Assistant_Secretary_of_State; TAGME; http://ace2004/dataset/20001115_AFP_ARB.0212.eng_sentence109#0,292
Bill Clinton;128-140; https://en.wikipedia.org/wiki/Bill_Clinton ;President Bill Clinton;118-140; https://en.wikipedia.org/wiki/Bill_Clinton; Babelfyr; http://ace2004/dataset/20001115_AFP_ARB.0212.eng_sentence111#467,638
Bill Clinton;128-140; https://en.wikipedia.org/wiki/Bill_Clinton ;President Bill Clinton;118-140; https://en.wikipedia.org/wiki/Bill_Clinton; Babelfys; http://ace2004/dataset/20001115_AFP_ARB.0212.eng_sentence111#467,638
Bill Clinton;128-140; https://en.wikipedia.org/wiki/Bill_Clinton ;Clinton's;133-142; https://en.wikipedia.org/wiki/Bill_Clinton; TAGME; http://ace2004/dataset/20001115_AFP_ARB.0212.eng_sentence111#467,638
Time;54-58; https://en.wikipedia.org/wiki/Time_(magazine) ;Time magazine;54-67; https://en.wikipedia.org/wiki/Time_(magazine); AIDA; http://ace2004/dataset/20001115_AFP_ARB.0212.eng_sentence113#840,1052
Time;54-58; https://en.wikipedia.org/wiki/Time_(magazine) ;Time magazine;54-67; https://en.wikipedia.org/wiki/Time_(magazine); Babelfyr; http://ace2004/dataset/20001115_AFP_ARB.0212.eng_sentence113#840,1052
Time;54-58; https://en.wikipedia.org/wiki/Time_(magazine) ;Time magazine;54-67; https://en.wikipedia.org/wiki/Time_(magazine); Babelfys; http://ace2004/dataset/20001115_AFP_ARB.0212.eng_sentence113#840,1052
Time;54-58; https://en.wikipedia.org/wiki/Time_(magazine) ;Time magazine;54-67; https://en.wikipedia.org/wiki/Time_(magazine); TAGME; http://ace2004/dataset/20001115_AFP_ARB.0212.eng_sentence113#840,1052
Asia-Pacific Economic Cooperation;166-199; https://en.wikipedia.org/wiki/Asia-Pacific_Economic_Cooperation ;Asia-Pacific Economic Cooperation forum;166-205; https://en.wikipedia.org/wiki/Asia-Pacific_Economic_Cooperation; Babelfyr; http://ace2004/dataset/20001115_AFP_ARB.0217.eng_sentence115#342,558
Vladimir Putin;86-100; https://en.wikipedia.org/wiki/Vladimir_Putin ;Putin;95-100; https://en.wikipedia.org/wiki/Vladimir_Putin; Babelfyr; http://ace2004/dataset/20001115_AFP_ARB.0217.eng_sentence115#342,558
Asia-Pacific Economic Cooperation;166-199; https://en.wikipedia.org/wiki/Asia-Pacific_Economic_Cooperation ;Asia-Pacific Economic Cooperation forum;166-205; https://en.wikipedia.org/wiki/Asia-Pacific_Economic_Cooperation; Babelfys; http://ace2004/dataset/20001115_AFP_ARB.0217.eng_sentence115#342,558
Vladimir Putin;86-100; https://en.wikipedia.org/wiki/Vladimir_Putin ;Putin;95-100; https://en.wikipedia.org/wiki/Vladimir_Putin; Babelfys; http://ace2004/dataset/20001115_AFP_ARB.0217.eng_sentence115#342,558
Boris Yeltsin;27-40; https://en.wikipedia.org/wiki/Boris_Yeltsin ;Yeltsin;33-40; https://en.wikipedia.org/wiki/Boris_Yeltsin; Babelfyr; http://ace2004/dataset/20001115_AFP_ARB.0217.eng_sentence117#683,879
Boris Yeltsin;27-40; https://en.wikipedia.org/wiki/Boris_Yeltsin ;Yeltsin;33-40; https://en.wikipedia.org/wiki/Boris_Yeltsin; Babelfys; http://ace2004/dataset/20001115_AFP_ARB.0217.eng_sentence117#683,879
Riotaro Hashimoto;69-86; https://en.wikipedia.org/wiki/Ryutaro_Hashimoto ;Hashimoto;77-86; https://en.wikipedia.org/wiki/Ryutaro_Hashimoto; DBps; http://ace2004/dataset/20001115_AFP_ARB.0217.eng_sentence117#683,879
Riotaro Hashimoto;69-86; https://en.wikipedia.org/wiki/Ryutaro_Hashimoto ;Hashimoto;77-86; https://en.wikipedia.org/wiki/Ryutaro_Hashimoto; TAGME; http://ace2004/dataset/20001115_AFP_ARB.0217.eng_sentence117#683,879
CAIRO;2-7; https://en.wikipedia.org/wiki/Cairo ;CAIRO, Egypt;2-14; https://en.wikipedia.org/wiki/Cairo; Babelfyr; http://ace2004/dataset/APW20001001.2021.0521_sentence120#0,219
Hosni Mubarak;120-133; https://en.wikipedia.org/wiki/Hosni_Mubarak ;Mubarak;126-133; https://en.wikipedia.org/wiki/Hosni_Mubarak; Babelfyr; http://ace2004/dataset/APW20001001.2021.0521_sentence120#0,219
CAIRO;2-7; https://en.wikipedia.org/wiki/Cairo ;CAIRO, Egypt;2-14; https://en.wikipedia.org/wiki/Cairo; Babelfys; http://ace2004/dataset/APW20001001.2021.0521_sentence120#0,219
Hosni Mubarak;120-133; https://en.wikipedia.org/wiki/Hosni_Mubarak ;Mubarak;126-133; https://en.wikipedia.org/wiki/Hosni_Mubarak; Babelfys; http://ace2004/dataset/APW20001001.2021.0521_sentence120#0,219
its 1990 invasion;146-163; https://en.wikipedia.org/wiki/Invasion_of_Kuwait ;invasion of Kuwait;155-173; https://en.wikipedia.org/wiki/Invasion_of_Kuwait; Babelfyr; http://ace2004/dataset/APW20001001.2021.0521_sentence134#2222,2396
its 1990 invasion;146-163; https://en.wikipedia.org/wiki/Invasion_of_Kuwait ;invasion of Kuwait;155-173; https://en.wikipedia.org/wiki/Invasion_of_Kuwait; Babelfys; http://ace2004/dataset/APW20001001.2021.0521_sentence134#2222,2396
its 1990 invasion;146-163; https://en.wikipedia.org/wiki/Invasion_of_Kuwait ;invasion of Kuwait;155-173; https://en.wikipedia.org/wiki/Invasion_of_Kuwait; TAGME; http://ace2004/dataset/APW20001001.2021.0521_sentence134#2222,2396
Arab;21-25; https://en.wikipedia.org/wiki/Arab_world ;Arab countries;21-35; https://en.wikipedia.org/wiki/Arab_world; TAGME; http://ace2004/dataset/APW20001001.2021.0521_sentence135#2397,2492
JAKARTA;2-9; https://en.wikipedia.org/wiki/Jakarta ;JAKARTA, Indonesia;2-20; https://en.wikipedia.org/wiki/Jakarta; Babelfyr; http://ace2004/dataset/APW20001002.0615.0146_sentence141#0,164
JAKARTA;2-9; https://en.wikipedia.org/wiki/Jakarta ;JAKARTA, Indonesia;2-20; https://en.wikipedia.org/wiki/Jakarta; Babelfys; http://ace2004/dataset/APW20001002.0615.0146_sentence141#0,164
pardon;280-286; https://en.wikipedia.org/wiki/Pardon ;presidential pardon;267-286; https://en.wikipedia.org/wiki/Pardon; DBps; http://ace2004/dataset/APW20001002.0615.0146_sentence145#689,976
pardon;280-286; https://en.wikipedia.org/wiki/Pardon ;presidential pardon;267-286; https://en.wikipedia.org/wiki/Pardon; TAGME; http://ace2004/dataset/APW20001002.0615.0146_sentence145#689,976
democracy;169-178; https://en.wikipedia.org/wiki/Democracy ;pro-democracy;165-178; https://en.wikipedia.org/wiki/Democracy; TAGME; http://ace2004/dataset/APW20001002.0615.0146_sentence146#977,1204
defendant;5-14; https://en.wikipedia.org/wiki/Defendant ;co-defendant;2-14; https://en.wikipedia.org/wiki/Defendant; TAGME; http://ace2004/dataset/APW20001002.0615.0146_sentence148#1292,1474
tuition;17-24; https://en.wikipedia.org/wiki/Tuition_payments ;in-state tuition;8-24; https://en.wikipedia.org/wiki/Tuition_payments; TAGME; http://ace2004/dataset/APW20001016.1325.0321_sentence156#322,494
tuition;31-38; https://en.wikipedia.org/wiki/Tuition_payments ;colleges, tuition;21-38; https://en.wikipedia.org/wiki/Tuition_payments; TAGME; http://ace2004/dataset/APW20001016.1325.0321_sentence158#557,652
inflation;83-92; https://en.wikipedia.org/wiki/Inflation ;inflation rate;83-97; https://en.wikipedia.org/wiki/Inflation; DBps; http://ace2004/dataset/APW20001016.1325.0321_sentence160#717,828
inflation;83-92; https://en.wikipedia.org/wiki/Inflation ;inflation rate;83-97; https://en.wikipedia.org/wiki/Inflation; TAGME; http://ace2004/dataset/APW20001016.1325.0321_sentence160#717,828
San Jose, Calif;145-160; https://en.wikipedia.org/wiki/San_Jose,_California ;San Jose;145-153; https://en.wikipedia.org/wiki/San_Jose,_California; AIDA; http://ace2004/dataset/APW20001016.1325.0321_sentence163#976,1137
San Jose, Calif;145-160; https://en.wikipedia.org/wiki/San_Jose,_California ;San Jose;145-153; https://en.wikipedia.org/wiki/San_Jose,_California; TAGME; http://ace2004/dataset/APW20001016.1325.0321_sentence163#976,1137
Colleges;2-10; https://en.wikipedia.org/wiki/College ;``Colleges;0-10; https://en.wikipedia.org/wiki/College; FREMENER; http://ace2004/dataset/APW20001016.1325.0321_sentence164#1138,1229
tuition;19-26; https://en.wikipedia.org/wiki/Tuition_payments ;college tuition;11-26; https://en.wikipedia.org/wiki/Tuition_payments; Babelfyr; http://ace2004/dataset/APW20001016.1325.0321_sentence170#1846,1907
tuition;19-26; https://en.wikipedia.org/wiki/Tuition_payments ;college tuition;11-26; https://en.wikipedia.org/wiki/Tuition_payments; TAGME; http://ace2004/dataset/APW20001016.1325.0321_sentence170#1846,1907
American Council on Education;0-29; https://en.wikipedia.org/wiki/American_Council_on_Education ;American Council;0-16; https://en.wikipedia.org/wiki/American_Council_on_Education; AIDA; http://ace2004/dataset/APW20001016.1325.0321_sentence183#3369,3421
George W. Bush;31-45; https://en.wikipedia.org/wiki/George_W._Bush ;W. Bush;38-45; https://en.wikipedia.org/wiki/George_W._Bush; Babelfyr; http://ace2004/dataset/APW20001017.1313.0396_sentence184#0,233
George W. Bush;31-45; https://en.wikipedia.org/wiki/George_W._Bush ;George W.;31-40; https://en.wikipedia.org/wiki/George_W._Bush; Babelfyr; http://ace2004/dataset/APW20001017.1313.0396_sentence184#0,233
Al Gore;59-66; https://en.wikipedia.org/wiki/Al_Gore ;Gore;62-66; https://en.wikipedia.org/wiki/Al_Gore; Babelfyr; http://ace2004/dataset/APW20001017.1313.0396_sentence184#0,233
George W. Bush;31-45; https://en.wikipedia.org/wiki/George_W._Bush ;W. Bush;38-45; https://en.wikipedia.org/wiki/George_W._Bush; Babelfys; http://ace2004/dataset/APW20001017.1313.0396_sentence184#0,233
George W. Bush;31-45; https://en.wikipedia.org/wiki/George_W._Bush ;George W.;31-40; https://en.wikipedia.org/wiki/George_W._Bush; Babelfys; http://ace2004/dataset/APW20001017.1313.0396_sentence184#0,233
Al Gore;59-66; https://en.wikipedia.org/wiki/Al_Gore ;Gore;62-66; https://en.wikipedia.org/wiki/Al_Gore; Babelfys; http://ace2004/dataset/APW20001017.1313.0396_sentence184#0,233
George W. Bush;31-45; https://en.wikipedia.org/wiki/George_W._Bush ;Bush;41-45; https://en.wikipedia.org/wiki/George_W._Bush; DBps; http://ace2004/dataset/APW20001017.1313.0396_sentence184#0,233
Gov.;178-182; https://en.wikipedia.org/wiki/Governor ;Gov;178-181; https://en.wikipedia.org/wiki/Governor; TAGME; http://ace2004/dataset/APW20001017.1313.0396_sentence184#0,233
Mrs.;12-16; https://en.wikipedia.org/wiki/Mrs. ;Mrs;12-15; https://en.wikipedia.org/wiki/Mrs.; TAGME; http://ace2004/dataset/APW20001017.1313.0396_sentence191#999,1092
vice presidential;101-118; https://en.wikipedia.org/wiki/Vice_President_of_the_United_States ;vice presidential candidate;101-128; https://en.wikipedia.org/wiki/Vice_President_of_the_United_States; Babelfyr; http://ace2004/dataset/APW20001017.1313.0396_sentence192#1093,1267
vice presidential;101-118; https://en.wikipedia.org/wiki/Vice_President_of_the_United_States ;vice presidential candidate;101-128; https://en.wikipedia.org/wiki/Vice_President_of_the_United_States; TAGME; http://ace2004/dataset/APW20001017.1313.0396_sentence192#1093,1267
phone calls;191-202; https://en.wikipedia.org/wiki/Telephone_call ;calls;197-202; https://en.wikipedia.org/wiki/Telephone_call; Babelfyr; http://ace2004/dataset/APW20001017.1313.0396_sentence193#1268,1471
opinion polls;97-110; https://en.wikipedia.org/wiki/Opinion_poll ;polls;105-110; https://en.wikipedia.org/wiki/Opinion_poll; Babelfyr; http://ace2004/dataset/APW20001017.1313.0396_sentence198#2159,2343
opinion polls;97-110; https://en.wikipedia.org/wiki/Opinion_poll ;public opinion polls;90-110; https://en.wikipedia.org/wiki/Opinion_poll; Babelfyr; http://ace2004/dataset/APW20001017.1313.0396_sentence198#2159,2343
opinion polls;97-110; https://en.wikipedia.org/wiki/Opinion_poll ;public opinion polls;90-110; https://en.wikipedia.org/wiki/Opinion_poll; TAGME; http://ace2004/dataset/APW20001017.1313.0396_sentence198#2159,2343
Winston-Salem, N.C.;58-77; https://en.wikipedia.org/wiki/Winston-Salem,_North_Carolina ;Winston-Salem;58-71; https://en.wikipedia.org/wiki/Winston-Salem,_North_Carolina; AIDA; http://ace2004/dataset/APW20001017.1313.0396_sentence200#2454,2611
Winston-Salem, N.C.;58-77; https://en.wikipedia.org/wiki/Winston-Salem,_North_Carolina ;Winston-Salem;58-71; https://en.wikipedia.org/wiki/Winston-Salem,_North_Carolina; Babelfyr; http://ace2004/dataset/APW20001017.1313.0396_sentence200#2454,2611
Winston-Salem, N.C.;58-77; https://en.wikipedia.org/wiki/Winston-Salem,_North_Carolina ;Winston-Salem;58-71; https://en.wikipedia.org/wiki/Winston-Salem,_North_Carolina; Babelfys; http://ace2004/dataset/APW20001017.1313.0396_sentence200#2454,2611
Winston-Salem, N.C.;58-77; https://en.wikipedia.org/wiki/Winston-Salem,_North_Carolina ;Winston-Salem;58-71; https://en.wikipedia.org/wiki/Winston-Salem,_North_Carolina; FREMENER; http://ace2004/dataset/APW20001017.1313.0396_sentence200#2454,2611
Winston-Salem, N.C.;58-77; https://en.wikipedia.org/wiki/Winston-Salem,_North_Carolina ;Winston-Salem;58-71; https://en.wikipedia.org/wiki/Winston-Salem,_North_Carolina; TAGME; http://ace2004/dataset/APW20001017.1313.0396_sentence200#2454,2611
Winston-Salem, N.C.;58-77; https://en.wikipedia.org/wiki/Winston-Salem,_North_Carolina ;Winston-Salem, N.C;58-76; https://en.wikipedia.org/wiki/Winston-Salem,_North_Carolina; TAGME; http://ace2004/dataset/APW20001017.1313.0396_sentence200#2454,2611
polling;11-18; https://en.wikipedia.org/wiki/Opinion_poll ;polling organization;11-31; https://en.wikipedia.org/wiki/Opinion_poll; Babelfyr; http://ace2004/dataset/APW20001017.1313.0396_sentence201#2612,2904
Gallup;4-10; https://en.wikipedia.org/wiki/Gallup_(company) ;Gallup polling;4-18; https://en.wikipedia.org/wiki/Gallup_(company); Babelfyr; http://ace2004/dataset/APW20001017.1313.0396_sentence201#2612,2904
registered;144-154; https://en.wikipedia.org/wiki/Voter_registration ;registered voters;144-161; https://en.wikipedia.org/wiki/Voter_registration; Babelfyr; http://ace2004/dataset/APW20001017.1313.0396_sentence201#2612,2904
Gallup;4-10; https://en.wikipedia.org/wiki/Gallup_(company) ;Gallup polling;4-18; https://en.wikipedia.org/wiki/Gallup_(company); Babelfys; http://ace2004/dataset/APW20001017.1313.0396_sentence201#2612,2904
polling;11-18; https://en.wikipedia.org/wiki/Opinion_poll ;polling organization;11-31; https://en.wikipedia.org/wiki/Opinion_poll; TAGME; http://ace2004/dataset/APW20001017.1313.0396_sentence201#2612,2904
Gallup;4-10; https://en.wikipedia.org/wiki/Gallup_(company) ;Gallup polling;4-18; https://en.wikipedia.org/wiki/Gallup_(company); TAGME; http://ace2004/dataset/APW20001017.1313.0396_sentence201#2612,2904
registered;144-154; https://en.wikipedia.org/wiki/Voter_registration ;registered voters;144-161; https://en.wikipedia.org/wiki/Voter_registration; TAGME; http://ace2004/dataset/APW20001017.1313.0396_sentence201#2612,2904
Gallup;266-272; https://en.wikipedia.org/wiki/Gallup_(company) ;Gallup's;266-274; https://en.wikipedia.org/wiki/Gallup_(company); TAGME; http://ace2004/dataset/APW20001017.1313.0396_sentence201#2612,2904
Bush;80-84; https://en.wikipedia.org/wiki/George_W._Bush ;Bush _;80-86; https://en.wikipedia.org/wiki/George_W._Bush; FREMENER; http://ace2004/dataset/APW20001017.1313.0396_sentence202#2905,3042
campaign;146-154; https://en.wikipedia.org/wiki/Political_campaign ;presidential campaign;133-154; https://en.wikipedia.org/wiki/Political_campaign; Babelfyr; http://ace2004/dataset/APW20001017.1313.0396_sentence208#3675,3830
